Generation,Mean,Best
0,-3.645760948323369,28.441329926811893
1,-4.203207516767803,28.441329926811893
-1,-1,-1
